Size, Instance Index, Insertion Time, Merge Time, Radix Time
100,2.85,2.215e-05,2.6200000000000003e-05,1.1400000000000001e-05
200,10.5,6.724999999997e-05,4.98e-05,2.08e-05
400,10.5,0.000217399999999985,9.644999999998001e-05,4.56e-05
800,10.5,0.00073004999999996,0.00017599999999996,6.6099999999975e-05
1600,10.5,0.00383669999999995,0.000410049999999945,0.00019224999999995
3200,10.5,0.01128934999999993,0.000793899999999945,0.000346399999999965
6400,10.5,0.07006829999999994,0.00208134999999995,0.00100309999999998
12800,10.5,0.21094974999999994,0.004281949999999955,0.001838849999999955
