Size, Instance Index, Insertion Time, Merge Time, Radix Time
100,10.5,0.0,5e-05,5e-05
200,10.5,0.0,5e-05,5e-05
400,10.5,0.0001,0.0001,0.0
800,10.5,0.0006500000000000001,0.0002,0.00015000000000000001
1600,10.5,0.00315,0.0005,0.00025
3200,10.5,0.011949999999999936,0.0008500000000000001,0.00025
6400,10.5,0.06159999999999995,0.0019,0.00095
12800,10.5,0.21284999999999998,0.00375,0.002499999999999995
25600,10.5,0.8721,0.008149999999999985,0.00395
